,Project ID,Drive Time,Tilt,Azimuth,Panel QTY,System Rating (kW DC),Inverter Manufacturer,Array Type,Squirrel Screen,Consumption Monitoring,Truss / Rafter,"Reinforce-ments",Rough Electrical Inspection,Interconnection Type,Module Length,Module Width,Module Weight,# of Arrays,# of reinforcement,Roof Type,Attachment Type,0 / 1,# of Stories,Install Season,Total Direct Time for Project for Hourly Employees (Including Drive Time),Total # of Days on Site,Total # Hourly Empoyees on Site,Estimated # of Salaried Employees on Site,Estimated Salary Hours,Estimated Total Direct Time,,Estimated Total # of People on Site,Notes,,,,,
,001,21,33,180,19,6.84,SolarEdge,1,1,,0,0,0,A1,67.8,40,43,1,0,Asphalt Shingles,Flashfoot 2,0,2,1,19:00:00,1,2,2,19:00:00,38:00:00,,4,,,,,,
,002,23,45,139,18,6.57,SolarEdge,1,1,,1,1,1,A1,67.8,40,43,1,2,Asphalt Shingles,Flashfoot 2,0,1,1,33:30:00,2,2,2,33:30:00,67:00:00,,4,,,,,,
,003,21,24,180,16,5.12,SolarEdge,1,0,,0,0,0,A3,66.3,39.4,41.2,2,0,Asphalt Shingles,Flashfoot 2,0,1,1,25:20:00,2,2,2,25:20:00,50:40:00,,4,,,,,,
,004,38,20,104,27,10.80,Enphase,1,0,,0,0,0,C2,79.3,39.4,51.8,1,0,Asphalt Shingles,Flashfoot 2,0,1,1,27:00:00,2,2,2,27:00:00,54:00:00,,4,1 this job and the one below it 2 happened,,,,,
,005,38,20,180,27,10.80,Enphase,1,0,,0,0,0,C2,79.3,39.4,51.8,1,0,Asphalt Shingles,Flashfoot 2,2,1,1,27:00:00,2,2,2,27:00:00,54:00:00,,4,1 this job and the one above it 2 happened,,,,,
,006,45,18.4,180,18,6.12,SolarEdge,1,0,,0,0,0,A1,68.5,40.5,43.9,1,0,Asphalt Shingles,Unk0wn,0,1,1,17:00:00,1,2,2,17:00:00,34:00:00,,4,,,,,,
,007,24,26,200,13,4.23,SolarEdge,1,1,,0,0,1,A3,65.43,39.45,41.6,1,0,Asphalt Shingles,Flashfoot 2,0,2,1,19:30:00,1,2,2,19:30:00,39:00:00,,4,,,,,,
,008,21,10,205,20,7.30,SolarEdge,1,0,,1,0,1,B2,67.8,40,43,1,0,Asphalt Shingles,Flashfoot 2,0,1,1,38:15:00,3,2,2,38:15:00,76:30:00,,4,,,,,,
,009,30,18,185,18,5.76,SolarEdge,1,0,,0,0,0,A2,65.94,39.25,39.7,1,0,Asphalt Shingles,Unk0wn,0,2,1,25:45:00,2,2,2,25:45:00,51:30:00,,4,,,,,,
,010,6,31,90,16,5.12,SolarEdge,1,1,,1,1,1,B2,65.94,39.25,39.7,1,10,Asphalt Shingles,Flashfoot 2,1,1,1,33:45:00,2,2,2,33:45:00,67:30:00,,4,,,,,,
,011,16,26.6,130,22,8.03,Enphase,1,1,,0,0,0,A1,67.8,40,43,2,0,Asphalt Shingles,Flashfoot 2,0,2,1,43:30:00,4,2,2,43:30:00,87:00:00,,4,,,,,,
,012,51,45,180,24,8.52,Enphase,1,0,,0,0,0,C*,67.8,40,43,1,0,Asphalt Shingles,Flashfoot 2,0,2,1,12:45:00,1,1,2,25:30:00,38:15:00,,3,,,,,,
,013,10,45,215,20,7.30,SolarEdge,1,0,,1,0,0,C*,67.8,40,43,1,0,Asphalt Shingles,Flashfoot 2,0,2,1,37:30:00,2,2,2,37:30:00,75:00:00,,4,,,,,,
,014,36,35/27,230/140,31,11.01,SolarEdge,1,0,,0,0,0,C3,67.8,40,43,5,0,Asphalt Shingles,Flashfoot 2,0,1,1,35:30:00,3,2,2,35:30:00,71:00:00,,4,,,,,,
,015,9,24,180,32,11.36,Enphase,1,0,,0,0,1,C1,67.8,40,43,3,0,Asphalt Shingles,Flashfoot 2,0,2,1,40:30:00,3,3,2,27:00:00,67:30:00,,5,,,,,,
,016,30,32,218,23,7.59,SolarEdge,1,0,,0,0,0,A2,66.53,39.21,39.7,2,0,Asphalt Shingles,Flashfoot 2,0,1,1,29:30:00,2,2,2,29:30:00,59:00:00,,4,,,,,,
,017,21,24,180,20,6.40,SolarEdge,1,0,,0,0,0,A1,39.4,66.9,41,2,0,Asphalt Shingles,Flashfoot 2,0,2,1,20:00:00,1,2,2,20:00:00,40:00:00,,4,,,,,,
,018,25,14,170,12,4.26,SolarEdge,1,1,,1,0,1,B2,66.93,40,39.7,1,0,Standing Seam Metal Roof,S-5!,0,1,2,24:15:00,2,2,2,24:15:00,48:30:00,,4,,,,,,
,019,7,36,180,14,5.18,Enphase,1,1,,0,0,1,A3,70.67,39.98,41.9,1,0,Asphalt Shingles,Flashfoot 2,0,1,1,33:30:00,2,2,2,33:30:00,67:00:00,,4,,,,,,
,020,49,10/18,190,43,18.28,SolarEdge,1,0,,3,1,0,A1,81.9,40.6,55.1,1,2,Ag Metal,Ejot,1,1,2,82:15:00,4,3,2,54:50:00,137:05:00,,5,,,,,,
,021,44,18,180,14,5.95,SolarEdge,1,0,,1,0,0,B*,81.9,40.6,55.1,1,0,Asphalt Shingles,Flashfoot 2,0,1,2,25:00:00,1,3,2,16:40:00,41:40:00,,5,,,,,,
,022,11,10/38,235,20,7.40,Enphase,1,1,,1,0,1,C1,70.67,39.98,41.9,3,0,EPDM (Flat Roof),Flashloc RM,2,2,2,33:30:00,2,3,2,22:20:00,55:50:00,,5,,,,,,
,023,44,18,180,49,21.07,SolarEdge,1,0,,3,0,0,A*,81.89,40.56,55.11,1,0,Ag Metal,Ejot,1,1,2,116:45:00,7,3,2,77:50:00,194:35:00,,5,,,,,,
,024,40,26,108,28,10.36,SolarEdge,1,0,,0,0,0,C*,70.67,39.98,41.9,2,0,Asphalt Shingles,Flashfoot 2,0,2,2,10:00:00,1,1,2,20:00:00,30:00:00,,3,,,,,,
,025,17,18/21,185,24,8.76,Enphase,1,0,,0,0,0,A2,67.8,40,43,2,0,Asphalt Shingles,Flashfoot 2,0,2,1,32:00:00,2,2,2,32:00:00,64:00:00,,4,,,,,,
,026,29,16/16,178/267,12,4.44,Enphase,1,1,,1,0,0,B1,70.67,39.98,41.9,2,0,Asphalt Shingles,Flashfoot 2,0,2,3,13:30:00,1,2,2,13:30:00,27:00:00,,4,,,,,,
,027,28,20,,14,4.90,SMA,1,0,,0,0,1,A1,69.44,41.26,46.5,2,0,Asphalt Shingles,Flashfoot 2,0,2,2,31:15:00,2,3,2,20:50:00,52:05:00,,5,,,,,,
,028,25,24,180,22,7.81,Enphase,1,1,,0,0,1,A2,68.5,41,41,3,0,Asphalt Shingles,Flashfoot 2,0,2,2,39:00:00,3,2,2,39:00:00,78:00:00,,4,,,,,,
,029,4,25,165,11,4.07,SolarEdge,1,0,,0,0,1,A1,70.67,39.98,41.9,1,0,Asphalt Shingles,Flashfoot 2,0,1,2,23:45:00,2,2,2,23:45:00,47:30:00,,4,,,,,,
,030,16,18,180,13,4.29,Enphase,1,0,,0,0,0,A1,66.9,39.4,41,1,0,Asphalt Shingles,Flashfoot 2,0,1,2,17:30:00,2,2,3,26:15:00,43:45:00,,5,,,,,,
,031,26,34,260,15,5.10,SolarEdge,1,0,,0,0,0,A1,68.5,40.5,43.9,2,0,Asphalt Shingles,Flashfoot 2,0,2,2,24:55:00,1,3,3,24:55:00,49:50:00,,6,,,,,,
,032,12,19,177/260,16,5.92,Enphase,1,0,,0,0,0,A1,70.67,39.98,41.9,2,0,Asphalt Shingles,Flashfoot 2,0,1,2,26:10:00,1,3,3,26:10:00,52:20:00,,6,,,,,,
,033,13,18,200,11,4.07,SolarEdge,1,1,,1,1,0,B2,70.67,39.98,41.9,1,18,Asphalt Shingles,Flashfoot 2,0,1,2,24:10:00,1,3,3,24:10:00,48:20:00,,6,,,,,,
,034,42,30,180,13,4.81,SolarEdge,1,0,,1,1,0,C2,70.67,39.98,41.9,1,11,Asphalt Shingles,Flashfoot 2,0,1,2,29:10:00,1,3,3,29:10:00,58:20:00,,6,,,,,,
,035,15,25,270,23,7.59,SolarEdge,1,0,,0,0,0,A1,66.53,39.21,39.7,1,0,Asphalt Shingles,Flashfoot 2,0,1,2,26:45:00,1,3,3,26:45:00,53:30:00,,6,,,,,,
,036,21,30,180,13,4.81,Enphase,1,1,,0,0,1,A1,70.67,39.98,41.9,1,0,Asphalt Shingles,Flashfoot 2,0,1,2,25:15:00,1,3,3,25:15:00,50:30:00,,6,,,,,,
,037,26,38,173,9,4.05,Enphase,1,0,,1,0,1,A3,83.07,41,50.71,1,0,Standing Seam Metal Roof,S-5!,1,1,3,71:00:00,3,3,3,71:00:00,142:00:00,,6,,,,,,
,038,15,16,192,29,10.73,Enphase,1,1,,0,0,1,C1,70.67,39.98,41.9,2,0,Asphalt Shingles,Flashfoot 2,0,2,2,37:57:00,2,3,3,37:57:00,75:54:00,,6,,,,,,
,039,25,18,157,16,6.08,SolarEdge,1,0,,1,0,1,B2,72.4,40.6,43,2,0,Asphalt Shingles,Flashfoot 2,0,1,2,28:22:00,1,3,3,28:22:00,56:44:00,,6,,,,,,
,040,22,,148/240,43,15.70,Enphase,1,0,,0,0,0,C1,67.8,40,43,8,0,Asphalt Shingles,Flashfoot 2,0,2,2,76:15:00,3,3,3,76:15:00,152:30:00,,6,,,,,,
,041,36,30,260,36,13.32,SolarEdge,1,0,,0,0,0,C*,70.67,39.98,41.9,1,0,Asphalt Shingles,Flashfoot 2,0,1,2,54:54:00,3,3,3,54:54:00,109:48:00,,6,,,,,,
,042,25,10,162,16,5.28,SolarEdge,1,0,,0,0,1,B2,66.9,39.4,41,1,0,Standing Seam Metal Roof,S-5!,0,1,2,17:30:00,1,2,3,26:15:00,43:45:00,,5,,,,,,
,044,22,20/37,215/125,21,7.77,Enphase,1,1,,0,0,0,A1,70.67,39.98,41.9,3,0,Asphalt Shingles,Flashfoot 2,0,2,3,23:45:00,2,3,3,23:45:00,47:30:00,,6,,,,,,
,045,10,23,135,9,3.33,Enphase,1,1,,1,1,1,B2,70.67,39.98,41.9,1,11,Asphalt Shingles,Flashfoot 2,0,1,2,33:10:00,2,3,3,33:10:00,66:20:00,,6,,,,,,
,046,16,30,180,54,23.22,Enphase,Ground Mount,0,,2,0,0,C2,81.89,40.56,55.11,2,0,Ground Mount,Ground Mount,0,0,3,104:40:00,8,3,3,104:40:00,209:20:00,,6,,,,,,
,047,18,28,200,14,5.18,SolarEdge,1,1,,0,0,0,A1,70.67,39.98,41.9,1,0,Asphalt Shingles,Flashfoot 2,0,1,3,13:30:00,2,1,3,40:30:00,54:00:00,,4,,,,,,
,049,43,25,180,20,7.40,Enphase,1,0,,0,0,0,A3,70.67,39.98,41.9,1,0,Asphalt Shingles,Flashfoot 2,0,2,3,41:30:00,3,2,3,62:15:00,103:45:00,,5,,,,,,
,050,56,30,180,48,17.76,SolarEdge,Ground Mount,0,,2,0,0,C*,70.67,39.98,41.9,2,0,Ground Mount,Ground Mount,0,0,3,129:00:00,7,3,3,129:00:00,258:00:00,,6,,,,,,
,051,27,24,180/90,19,7.03,Enphase,1,0,,0,0,1,A2,70.67,39.98,41.9,2,0,Asphalt Shingles,Flashfoot 2,0,2,3,24:30:00,1,3,3,24:30:00,49:00:00,,6,,,,,,
,052,16,24,185,31,11.63,SolarEdge,1,0,,0,0,0,A1,67.8,40,43,3,0,Asphalt Shingles,Flashfoot 2,2,2,3,19:39:00,1,2,3,29:28:30,49:07:30,,5,,,,,,
,054,25,20,175,12,4.38,Enphase,1,1,,0,0,1,A1,67.8,40,43,1,0,Asphalt Shingles,Flashfoot 2,0,1,3,16:40:00,1,2,3,25:00:00,41:40:00,,5,,,,,,
,055,42,22,180,14,4.97,Enphase,1,1,,0,0,0,C2,67.8,40,43,2,0,Asphalt Shingles,Flashfoot 2,2,2,3,17:10:00,1,2,3,25:45:00,42:55:00,,5,,,,,,
,056,33,37,180,14,5.18,SolarEdge,1,0,,0,0,0,C*,70.67,39.98,41.9,1,0,Asphalt Shingles,Flashfoot 2,0,1,3,15:30:00,1,2,3,23:15:00,38:45:00,,5,,,,,,
,057,43,30,180,28,12.60,SolarEdge,Ground Mount,0,,2,0,0,B1,82.79,40.94,55.12,1,0,Ground Mount,Ground Mount,0,0,3,64:00:00,3,3,3,64:00:00,128:00:00,,6,,,,,,
,058,12,32,170,17,6.46,Enphase,1,0,,0,0,1,A2,70.67,39.98,41.9,1,0,Asphalt Shingles,Flashfoot 2,0,1,3,23:15:00,1,3,3,23:15:00,46:30:00,,6,,,,,,
,060,12,24,135,16,5.92,Enphase,1,1,,0,0,0,A1,70.67,39.98,41.9,1,0,Asphalt Shingles,Flashfoot 2,0,2,3,22:30:00,1,3,3,22:30:00,45:00:00,,6,,,,,,
,061,22,38,180,18,6.66,Enphase,1,0,,1,1,1,B2,70.67,39.98,41.9,1,22,Asphalt Shingles,Flashfoot 2,0,2,3,30:45:00,1,3,3,30:45:00,61:30:00,,6,,,,,,
,062,37,20,245,21,7.77,SolarEdge,1,0,,0,0,0,A1,70.67,39.98,41.9,1,0,Asphalt Shingles,Flashfoot 2,0,2,0,23:15:00,2,3,3,23:15:00,46:30:00,,6,,,,,,
,063,23,,,22,8.03,SolarEdge,1,1,,1,1,1,A1,67.8,40,43,1,14,Asphalt Shingles,Flashfoot 2,0,2,3,30:30:00,2,2,3,45:45:00,76:15:00,,5,,,,,,
,064,22,30,230,16,6.08,SolarEdge,1,1,,1,1,1,A1,70.67,39.98,41.9,2,2,Asphalt Shingles,Flashfoot 2,0,2,3,27:40:00,2,2,3,41:30:00,69:10:00,,5,,,,,,
,065,26,18,270,13,4.81,Enphase,1,0,,0,0,1,A2,70.67,39.98,41.9,1,0,Asphalt Shingles,Unk0wn,0,2,3,30:30:00,2,3,3,30:30:00,61:00:00,,6,,,,,,
,066,24,30,135,19,7.03,Enphase,1,0,,0,0,1,A1,67.8,40,43,4,0,Asphalt Shingles,Flashfoot 2,2,2,3,27:00:00,1,3,3,27:00:00,54:00:00,,6,,,,,,
,067,40,31,180,20,7.60,Enphase,1,0,,0,0,0,A1,68.5,41.02,40.8,1,0,Asphalt Shingles,Flashfoot 2,0,1,3,25:30:00,1,3,3,25:30:00,51:00:00,,6,,,,,,
,068,24,16,180,12,4.38,Enphase,1,1,,1,1,0,A1,69.37,40.91,44.09,1,7,Asphalt Shingles,Flashfoot 2,0,2,0,29:25:00,2,3,3,29:25:00,58:50:00,,6,,,,,,
,069,27,22.6,90/180/270,21,7.77,Enphase,1,0,,0,0,1,A1,70.67,39.98,41.9,4,0,Asphalt Shingles,Flashfoot 2,0,2,3,27:00:00,2,3,3,27:00:00,54:00:00,,6,Installed a car charger,,,,,
,070,32,18,180,36,13.32,Enphase,1,0,,0,0,0,A1,70.67,39.98,41.9,1,0,Ag Metal,Ejot,1,2,0,56:15:00,3,3,3,56:15:00,112:30:00,,6,,,,,,
,071,30,21,180,17,5.61,SolarEdge,1,0,,0,0,0,A1,66.53,39.21,39.7,2,0,Asphalt Shingles,Flashfoot 2,2,2,3,23:25:00,2,3,3,23:25:00,46:50:00,,6,,,,,,
,072,14,26,200,16,5.52,SolarEdge,1,1,,0,0,1,A1,68.8,41.5,44.8,2,0,Asphalt Shingles,Flashfoot 2,0,1,3,33:00:00,3,3,3,33:00:00,66:00:00,,6,,,,,,
,073,26,32,180,14,5.32,Enphase,1,0,,0,0,0,A1,70.67,39.98,41.9,1,0,Asphalt Shingles,Unk0wn,0,1,3,24:30:00,1,3,3,24:30:00,49:00:00,,6,,,,,,
,074,15,22.6,180,19,7.22,SolarEdge,1,1,,0,0,0,A2,70.67,39.98,41.9,1,0,Asphalt Shingles,Unk0wn,0,1,0,20:15:00,1,3,3,20:15:00,40:30:00,,6,,,,,,
,075,3,24,200,4,1.52,Enphase,1,0,,0,0,1,A1,70.67,39.98,41.9,1,0,Asphalt Shingles,Flashfoot 2,0,1,0,20:45:00,1,3,1,6:55:00,27:40:00,,4,,,,,,
,076,28,30,210,36,13.32,Enphase,1,1,,0,0,1,A1,67.8,40,43,1,0,Asphalt Shingles,Flashfoot 2,0,2,0,39:00:00,2,2,3,58:30:00,97:30:00,,5,,,,,,
,077,39,30,180,14,5.95,SolarEdge,Ground Mount,0,,2,0,0,A1,81.9,40.6,55.1,1,0,Ground Mount,Ground Mount,0,0,1,36:25:00,2,3,2,24:16:40,60:41:40,,5,,,,,,
,078,25,,140,18,6.66,Enphase,1,1,,0,0,1,B1,67.8,40,43,1,0,Asphalt Shingles,Flashfoot 2,0,1,2,15:30:00,1,2,2,15:30:00,31:00:00,,4,,,,,,
,079,10,26,260/80,28,11.20,Enphase,1,1,,0,0,0,B1,71.7,40,45,2,0,Asphalt Shingles,Flashfoot 2,0,1,1,35:15:00,2,2,2,35:15:00,70:30:00,,4,,,,,,
,080,27,,,29,10.73,Enphase,1,1,,1,0,1,A*,67.8,40,43,4,0,Asphalt Shingles,Flashfoot 2,0,1,1,36:15:00,4,2,2,36:15:00,72:30:00,,4,,,,,,
,084,44,17,180,15,5.55,Enphase,1,1,,0,0,0,A1,67.8,40,43,1,0,Asphalt Shingles,Flashfoot 2,1,1,1,38:05:00,5,3,2,25:23:20,63:28:20,,5,Time data looks wrong to me,,,,,
,085,25,37,155,28,10.36,SolarEdge,1,1,,4,0,1,A1,67.8,40,43,1,0,Asphalt Shingles,RT Mini,0,1,1,22:05:00,2,1,2,44:10:00,66:15:00,,3,,,,,,
,087,7,18,270/180/90,9,3.42,Enphase,1,1,,1,0,1,A1,70.67,39.98,41.9,3,0,Asphalt Shingles,Flashfoot 2,0,1,1,24:45:00,2,2,2,24:45:00,49:30:00,,4,,,,,,
,089,13,26.6,115,24,9.12,Enphase,1,1,,0,0,1,A2,70.67,39.98,41.9,2,0,Asphalt Shingles,Flashfoot 2,0,1,1,1:30:00,1,1,2,3:00:00,4:30:00,,3,time data looks wrong to me,,,,,
,090,27,26,270/90,11,4.07,SolarEdge,1,0,,0,0,1,A1,69.4,40.8,43,2,0,Asphalt Shingles,Flashfoot 2,0,1,1,14:55:00,2,2,2,14:55:00,29:50:00,,4,,,,,,
,091,25,14/18,180/270,21,7.98,Enphase,1,0,,0,0,0,A3,70.67,39.98,41.9,3,0,Asphalt Shingles,Flashfoot 2,2,1,1,10:30:00,1,1,2,21:00:00,31:30:00,,3,,,,,,
,092,34,18,180,10,3.70,SolarEdge,1,0,,0,0,0,C*,69.13,40.91,45.19,1,0,Asphalt Shingles,Flashfoot 2,0,1,1,10:00:00,1,1,2,20:00:00,30:00:00,,3,,,,,,
,093,48,18,145,14,5.60,Enphase,1,0,,3,0,0,A2,71.7,40,45,1,0,Ag Metal,Ejot,0,2,1,21:36:00,1,3,2,14:24:00,36:00:00,,5,,,,,,
,094,14,26,180,16,6.40,Enphase,1,1,,0,0,1,A1,71.7,40,45,1,0,Asphalt Shingles,Flashfoot 2,0,1,1,29:55:00,3,3,2,19:56:40,49:51:40,,5,,,,,,
,095,1 hour 32,18,135,20,9.00,SolarEdge,1,0,,3,0,0,A*,82.79,40.94,55.12,1,0,Ag Metal,Ejot,1,1,1,18:30:00,1,2,2,18:30:00,37:00:00,,4,,,,,,
,096,21,30,90/180/270,56,20.72,SolarEdge,1,1,,0,0,0,A*,67.8,40,43,7,0,Asphalt Shingles,Flashfoot 2,0,2,1,43:48:00,5,1,2,87:36:00,131:24:00,,3,,,,,,
,104,21,30,175,24,8.88,Enphase,1,0,,0,0,0,A1,68.5,41.01,41.02,1,0,Asphalt Shingles,Flashfoot 2,0,1,1,18:15:00,1,2,2,18:15:00,36:30:00,,4,,,,,,
,112,25,26,170/260,26,9.62,Enphase,1,1,,0,0,1,A2,69.13,40.91,45.19,2,0,Asphalt Shingles,Flashfoot 2,0,1,2,3:10:00,1,1,2,6:20:00,9:30:00,,3,Time data looks wrong to me,,,,,
,119,29,24,200/110,27,10.80,Enphase,1,1,,0,0,0,A1,71.7,40,45,3,0,Asphalt Shingles,Flashfoot 2,0,2,2,36:25:00,2,2,2,36:25:00,72:50:00,,4,,,,,,
,160,31,24,120/210,37,13.69,Enphase,1,0,1,0,0,0,B1,69.4,40.8,43,5,0,Asphalt Shingles,Flashfoot 2,0,2,1,48:00:00,3,3,1,16:00:00,64:00:00,,4,Data from here onwards is much more accurate,,,,,
,161,31,30,180,14,5.60,Enphase,1,1,0,1,1,0,B2,71.7,40,45,1,1,Asphalt Shingles,Flashfoot 2,0,1,0,14:45:00,2,2,1,7:22:30,22:07:30,,3,,,,,,
,162,22,25,180,21,8.40,Enphase,1,1,1,0,0,0,A4,71.7,40,45,2,0,Asphalt Shingles,Flashfoot 2,0,2,1,36:15:00,2,2,0,0:00:00,36:15:00,,2,,,,,,
,163,23,22,180,18,7.20,Enphase,1,1,1,1,1,0,B1,71.7,40,45,1,23,Asphalt Shingles,Flashfoot 2,0,1,0,78:40:00,4,3,1,26:13:20,104:53:20,,4,,,,,,
,164,36,30,270,18,8.10,SolarEdge,1,1,0,1,0,0,A*,82.79,40.94,55.12,4,0,Asphalt Shingles,Flashfoot 2,0,1,1,44:30:00,3,3,0,0:00:00,44:30:00,,3,,,,,,
,165,31,40,170,26,10.40,Enphase,1,1,1,0,0,0,A1,71.7,40,45,3,0,Asphalt Shingles,Flashfoot 2,0,2,3,69:30:00,2,4,0,0:00:00,69:30:00,,4,New construction,,,,,
,166,30,26/40,260/170,24,9.36,SolarEdge,1,1,0,0,0,0,A1,69.06,43.15,46.3,3,0,Asphalt Shingles,Flashfoot 2,0,2,1,84:00:00,5,4,0,0:00:00,84:00:00,,4,New construction - lots of trips,,,,,
,167,24,26,190,17,6.63,SolarEdge,1,0,0,0,0,0,A1,69.06,43.15,46.3,1,0,Asphalt Shingles,Flashfoot 2,0,2,1,52:40:00,3,3,0,0:00:00,52:40:00,,3,,,,,,
,168,16,34,205,15,5.85,SolarEdge,1,0,0,0,0,0,A4,69.06,43.15,46.3,2,0,Asphalt Shingles,Flashfoot 2,0,1,1,21:15:00,1,2,0,0:00:00,21:15:00,,2,,,,,,
,169,32,26,90,26,10.40,Enphase,1,1,1,0,0,0,A1,71.7,40,45,2,0,Asphalt Shingles,Flashfoot 2,0,2,0,56:30:00,2,3,1,18:50:00,75:20:00,,4,,,,,,
,170,14,26,200,20,8.00,Enphase,1,1,1,0,0,0,A1,71.7,40,45,2,0,Asphalt Shingles,Flashfoot 2,0,2,0,45:20:00,3,3,0,0:00:00,45:20:00,,3,,,,,,
,171,37,30,180,20,9.70,SMA,Ground Mount,0,0,2,0,0,A*,87.2,41.1,64.2,1,0,Ground Mount,Ground Mount,1,0,1,83:43:00,2,4,0,0:00:00,83:43:00,,4,,,,,,
,172,19,19,180,16,6.40,Enphase,1,1,0,1,0,0,A1,71.7,40,45,1,0,Asphalt Shingles,Flashfoot 2,0,2,2,31:35:00,1,4,0,0:00:00,31:35:00,,4,,,,,,
,173,56,30,180,48,19.20,SMA,Ground Mount,0,0,2,0,0,C*,74,41.1,48.5,2,0,Ground Mount,Ground Mount,0,0,1,141:06:00,4,4,2,70:33:00,211:39:00,,6,,,,,,
,174,36,30,180,9,4.37,SolarEdge,Ground Mount,0,0,2,0,0,A1,87.2,41.1,64.2,1,0,Ground Mount,Ground Mount,1,0,1,107:45:00,3,4,0,0:00:00,107:45:00,,4,,,,,,
,175,43,30,190,9,3.60,SolarEdge,1,1,0,0,0,0,C*,71.7,40,45,1,0,Asphalt Shingles,Flashfoot 2,0,1,1,28:30:00,1,3,0,0:00:00,28:30:00,,3,,,,,,
,176,42,26,240/60,50,24.25,SolarEdge,1,1,0,0,0,0,A*,87.2,41.1,64.2,2,0,Asphalt Shingles,RT Mini,0,1,3,128:30:00,5,5,2,51:24:00,179:54:00,,7,This is the time for 2 this project and the one below combined,,,,,
,178,44,40,180,23,8.97,Enphase,1,1,0,0,0,0,A1,69.06,43.15,46.3,1,0,Asphalt Shingles,Flashfoot 2,0,1,1,31:15:00,1,3,0,0:00:00,31:15:00,,3,,,,,,
,179,7,14,260,36,14.40,Enphase,1,1,1,0,0,1,B2,71.7,40,45,2,0,Asphalt Shingles,Flashfoot 2,0,1,1,38:45:00,2,3,0,0:00:00,38:45:00,,3,,,,,,
,180,24,26,205,12,4.68,SolarEdge,1,1,0,0,0,1,A1,69.06,43.15,46.3,2,0,Asphalt Shingles,Flashfoot 2,0,1,1,52:25:00,2,3,0,0:00:00,52:25:00,,3,,,,,,
,181,7,30,180,16,6.40,Enphase,1,1,1,0,0,1,A1,71.7,40,45,1,0,Asphalt Shingles,Flashfoot 2,0,1,1,34:15:00,1,5,0,0:00:00,34:15:00,,5,,,,,,
,182,58,40,165,46,18.40,Enphase,1,1,1,0,0,0,A1,71.7,40,45,4,0,Asphalt Shingles,Flashfoot 2,0,2,1,91:35:00,3,5,1,18:19:00,109:54:00,,6,,,,,,
,183,21,20,100/190,26,10.14,Enphase,1,1,1,1,1,1,A2,69.06,43.15,46.3,3,9,Asphalt Shingles,Flashfoot 2,2,2,1,76:45:00,4,3,0,0:00:00,76:45:00,,3,,,,,,
,184,13,20,190,20,7.80,Enphase,1,1,0,0,0,0,A1,69.06,43.15,46.3,1,0,Asphalt Shingles,Flashfoot 2,0,2,1,24:00:00,2,2,1,12:00:00,36:00:00,,3,,,,,,
,185,9,30,122,18,7.29,Enphase,1,1,1,0,0,1,A1,71.7,40,45,1,0,Asphalt Shingles,Flashfoot 2,0,1,2,32:35:00,1,4,0,0:00:00,32:35:00,,4,,,,,,
,186,20,27,180,21,8.51,Enphase,1,1,0,0,0,0,A1,71.7,40,45,1,0,Asphalt Shingles,Flashfoot 2,0,2,1,32:45:00,2,2,1,16:22:30,49:07:30,,3,,,,,,
,187,28,32,180,45,17.55,SolarEdge,1,1,0,0,0,0,B1,69.06,43.15,46.3,3,0,Asphalt Shingles,Unk0wn,0,1,3,75:30:00,4,4,1,18:52:30,94:22:30,,5,,,,,,
,188,25,26,90,24,9.72,Enphase,1,1,1,0,0,0,A1,71.7,40,45,1,0,Asphalt Shingles,Flashfoot 2,0,2,1,35:30:00,2,3,0,0:00:00,35:30:00,,3,,,,,,
,189,21,34,100,18,7.29,Enphase,1,1,0,0,0,0,A4,71.7,40,45,1,0,Asphalt Shingles,Flashfoot 2,0,1,1,18:30:00,1,2,1,9:15:00,27:45:00,,3,,,,,,
,190,17,17,260,33,13.37,Enphase,1,1,1,1,0,0,A1,71.7,40,45,2,0,Asphalt Shingles,Unk0wn,0,2,1,38:45:00,2,2,0,0:00:00,38:45:00,,2,,,,,,
,191,30,30/35,255/165,18,7.29,Enphase,1,1,0,0,0,0,A1,71.7,40,45,3,0,Asphalt Shingles,Flashfoot 2,0,2,2,46:00:00,3,4,0,0:00:00,46:00:00,,4,,,,,,
,192,21,27,195,18,7.29,Enphase,1,1,0,0,0,0,A4,71.7,40,45,1,0,Asphalt Shingles,Flashfoot 2,0,1,2,36:30:00,1,4,0,0:00:00,36:30:00,,4,,,,,,
,193,14,23,210,26,10.53,Enphase,1,1,0,0,0,0,A3,71.7,40,45,1,0,Asphalt Shingles,Flashfoot 2,0,1,2,57:05:00,2,4,0,0:00:00,57:05:00,,4,,,,,,
,194,25,30,180,44,23.54,Enphase,Ground Mount,1,1,2,0,0,C3,89.69,44.65,70.11,1,0,Ground Mount,Ground Mount,1,0,2,195:25:00,5,5,1,39:05:00,234:30:00,,6,,,,,,
,195,19,30,180,38,15.39,Enphase,1,1,0,0,0,0,A1,71.7,40,45,2,0,Asphalt Shingles,Flashfoot 2,0,2,2,125:35:00,4,5,1,25:07:00,150:42:00,,6,,,,,,
,196,12,17,180,17,6.89,Enphase,1,1,1,0,0,0,A1,71.7,40,45,1,0,Asphalt Shingles,Flashfoot 2,0,2,1,24:30:00,1,3,0,0:00:00,24:30:00,,3,,,,,,
,197,28,27,90,18,7.29,Enphase,1,0,0,0,0,1,A1,71.7,40,45,1,0,Asphalt Shingles,Flashfoot 2,0,2,2,38:00:00,1,5,0,0:00:00,38:00:00,,5,,,,,,
,198,14,19,262,20,8.10,Enphase,1,1,1,1,0,0,A1,71.7,40,45,1,0,Asphalt Shingles,Flashfoot 2,0,1,2,54:15:00,2,4,0,0:00:00,54:15:00,,4,,,,,,
,199,1 hour 2,22.6,180,18,7.29,Enphase,1,0,0,1,0,0,A1,71.7,40,45,1,0,Standing Seam Metal Roof,S-5!,0,2,2,57:40:00,2,5,0,0:00:00,57:40:00,,5,,,,,,
,200,1 hour 3,14,180,15,6.15,Enphase,1,1,0,1,0,0,A4,73.4,40.5,45.8,1,0,Asphalt Shingles,Unk0wn,1,1,2,48:50:00,1,5,0,0:00:00,48:50:00,,5,,,,,,
,201,27,27,170,16,6.48,Enphase,1,1,1,0,0,1,A1,71.7,40,45,1,0,Asphalt Shingles,Flashfoot 2,0,1,2,37:35:00,1,5,0,0:00:00,37:35:00,,5,,,,,,
,202,41,22.6,195,18,7.29,Enphase,1,1,0,0,0,0,A1,71.7,40,45,1,0,Asphalt Shingles,Flashfoot 2,0,2,2,38:25:00,2,5,0,0:00:00,38:25:00,,5,New Construction - Lots of trips,,,,,
,203,36,30,180,20,9.00,SolarEdge,Ground Mount,0,0,2,0,0,A1,84.06,41.19,68.34,2,0,Ground Mount,Ground Mount,0,0,2,104:50:00,3,4,1,26:12:30,131:02:30,,5,Long Trench,,,,,
,204,28,26.6,190,22,8.91,Enphase,1,1,1,0,0,0,B*,71.7,40,45,1,0,Asphalt Shingles,Flashfoot 2,0,1,2,30:30:00,1,4,0,0:00:00,30:30:00,,4,,,,,,
,205,7,22.6,90/180/270,28,11.34,Enphase,1,1,1,0,0,1,A1,71.7,40,45,3,0,Asphalt Shingles,Flashfoot 2,0,2,2,69:20:00,2,5,0,0:00:00,69:20:00,,5,,,,,,
,206,7,18.4,225,6,2.34,Enphase,1,1,0,0,0,1,A4,69.06,43.15,46.3,1,0,Asphalt Shingles,Unk0wn,0,1,2,58:30:00,3,5,0,0:00:00,58:30:00,,5,Detached building + trench,,,,,
,207,12,22,180/270,30,12.15,Enphase,1,0,1,0,0,0,A*,71.7,40,45,4,0,Standing Seam Metal Roof,S-5!,0,2,2,67:40:00,3,5,0,0:00:00,67:40:00,,5,,,,,,
,208,23,21,180,8,3.24,Enphase,1,1,0,1,1,1,A4,71.7,40,45,1,1,Asphalt Shingles,RT Mini,1,2,2,36:00:00,1,4,0,0:00:00,36:00:00,,4,,,,,,
,209,28,38,180,13,5.07,Enphase,1,1,0,0,0,0,A1,69.06,43.15,46.3,1,0,Asphalt Shingles,Flashfoot 2,0,1,2,33:10:00,1,4,0,0:00:00,33:10:00,,4,,,,,,
,210,34,18.4,165,30,12.15,Enphase,1,1,1,0,0,0,A1,71.7,40,45,2,0,Asphalt Shingles,RT Mini,0,2,2,84:25:00,2,5,0,0:00:00,84:25:00,,5,New Construction,,,,,
,211,29,26.6,180,20,8.10,Enphase,1,1,1,0,0,0,A1,71.7,40,45,1,0,Asphalt Shingles,Flashfoot 2,0,1,2,34:15:00,1,4,0,0:00:00,34:15:00,,4,,,,,,
,212,24,50,90/180/270,13,5.27,Enphase,1,1,0,1,1,1,C1,71.7,40,45,4,3,Asphalt Shingles,Flashfoot 2,0,2,3,71:15:00,2,4,0,0:00:00,71:15:00,,4,,,,,,
,213,23,9.5,0,32,12.48,Enphase,1,1,1,4,0,1,A*,69.06,43.15,46.3,1,0,Standing Seam Metal Roof,S-5!,0,3,2,67:30:00,2,4,1,16:52:30,84:22:30,,5,Really weird project,,,,,
,214,29,30,18,48,23.28,SolarEdge,Ground Mount,0,0,2,0,0,C3,87.2,41.1,64.2,2,0,Ground Mount,Ground Mount,0,0,3,117:00:00,4,4,1,29:15:00,146:15:00,,5,Long trench,,,,,
,215,28,18,185,25,10.13,Enphase,1,1,1,0,0,0,A2,71.7,40,45,1,0,Asphalt Shingles,Flashfoot 2,0,1,2,66:50:00,2,5,0,0:00:00,66:50:00,,5,,,,,,
,216,21,26,180,26,10.53,Enphase,1,1,0,0,0,0,A1,71.7,40,45,1,0,Asphalt Shingles,Flashfoot 2,0,2,3,36:45:00,1,4,0,0:00:00,36:45:00,,4,,,,,,
,217,21,26,180,35,14.18,Enphase,1,1,1,0,0,0,C1,71.7,40,45,4,0,Asphalt Shingles,Flashfoot 2,0,2,3,78:15:00,3,4,0,0:00:00,78:15:00,,4,,,,,,
,218,25,18.4,180,26,10.53,Enphase,1,1,1,0,0,0,A3,71.7,40,45,3,0,Asphalt Shingles,Flashfoot 2,0,2,3,65:45:00,2,4,0,0:00:00,65:45:00,,4,,,,,,
,219,23,24,215,6,2.34,Enphase,1,1,0,0,0,0,A*,69.06,43.15,46.3,1,0,Asphalt Shingles,Flashview,0,1,3,73:30:00,3,4,0,0:00:00,73:30:00,,4,system addition,,,,,
,220,27,24,180,16,6.48,Enphase,1,1,0,0,0,1,B1,71.7,40,45,1,0,Asphalt Shingles,Flashfoot 2,0,2,3,35:30:00,1,4,0,0:00:00,35:30:00,,4,,,,,,
,222,20,30,160,39,15.80,Enphase,1,1,1,0,0,0,A*,71.7,40,45,2,0,Asphalt Shingles,Flashfoot 2,0,2,3,70:00:00,3,4,0,0:00:00,70:00:00,,4,,,,,,
,223,28,10,90,18,7.02,Enphase,1,1,0,4,0,1,A1,69.06,43.15,46.3,1,0,Asphalt Shingles,RT Mini,1,1,3,62:30:00,3,4,1,15:37:30,78:07:30,,5,New Construction,,,,,
,224,18,30,180/90,20,8.20,Enphase,1,1,0,0,0,0,A4,73.4,40.5,45.8,1,0,Asphalt Shingles,Flashfoot 2,2,2,3,37:45:00,1,4,0,0:00:00,37:45:00,,4,,,,,,
,225,30,27/8,270/180/90,28,11.34,Enphase,1,1,1,0,0,0,A1,71.7,40,45,3,0,Asphalt Shingles,Unk0wn,0,2,3,58:15:00,2,4,0,0:00:00,58:15:00,,4,,,,,,
,226,39,33,165,26,10.53,Enphase,1,1,1,0,0,0,A1,71.7,40,45,1,0,Asphalt Shingles,Flashfoot 2,0,1,3,27:45:00,1,4,0,0:00:00,27:45:00,,4,,,,,,
,227,21,30,135,22,8.91,Enphase,1,1,1,1,1,1,B2,71.7,40,45,2,11,Asphalt Shingles,Flashfoot 2,0,2,3,56:00:00,3,4,0,0:00:00,56:00:00,,4,,,,,,
,228,51,30,180,20,9.60,SolarEdge,Ground Mount,0,0,2,0,0,C*,87.2,41.1,64.2,1,0,Ground Mount,Ground Mount,1,0,3,90:45:00,3,4,1,22:41:15,113:26:15,,5,,,,,,
,229,26,17,165/225,26,10.53,Enphase,1,1,1,1,1,0,A1,71.7,40,45,3,18,Asphalt Shingles,Flashfoot 2,0,1,3,58:00:00,3,4,0,0:00:00,58:00:00,,4,"Some rework after the fact, but I don't think it's included in the time tracking data",,,,,
,230,29,27,180,20,7.80,Enphase,1,1,0,1,1,0,A1,69.06,43.15,46.3,1,10,Asphalt Shingles,Flashfoot 2,0,1,0,57:15:00,2,4,0,0:00:00,57:15:00,,4,,,,,,
,231,20,27,170,24,9.36,SolarEdge,1,1,0,4,0,0,A1,69.06,43.15,46.3,1,0,Asphalt Shingles,Flashfoot 2,0,1,0,50:45:00,2,4,0,0:00:00,50:45:00,,4,,,,,,
,232,42,26,180,2,0.74,N/A,1,,,1,1,0,A1,70.67,39.98,41.9,1,0,Asphalt Shingles,Flashfoot 2,0,1,3,6:00:00,1,1,1,6:00:00,12:00:00,,2,,,,,,
,233,31,18,90,20,8.10,Enphase,1,1,0,1,1,0,A1,71.7,40,45,1,12,Asphalt Shingles,Flashfoot 2,0,1,3,35:15:00,1,4,0,0:00:00,35:15:00,,4,,,,,,
,238,20,18.4,180,8,3.24,Enphase,1,0,0,3,0,1,A1,71.7,40,45,1,0,Ag Metal,Ejot,1,1,3,45:00:00,2,4,0,0:00:00,45:00:00,,4,,,,,,
,239,26,18.4,180/270,26,10.53,Enphase,1,1,1,0,0,1,A1,71.7,40,45,2,0,Asphalt Shingles,Flashfoot 2,0,1,0,58:45:00,2,4,0,0:00:00,58:45:00,,4,,,,,,
,240,30,17.5,180,60,24.30,Enphase,1,0,0,3,0,0,C3,71.7,40,45,1,0,Ag Metal,Ejot,1,1,2,89:45:00,3,4,0,0:00:00,89:45:00,,4,,,,,,
,241,40,22.6,225,16,6.48,Enphase,1,0,0,0,0,0,A1,71.7,40,45,1,0,Standing Seam Metal Roof,S-5!,0,1,1,31:15:00,1,4,0,0:00:00,31:15:00,,4,,,,,,
,242,52,17,176/86,40,17.60,SolarEdge,1,1,0,0,0,0,C2,89.69,44.65,57.32,2,0,Asphalt Shingles,Flashfoot 2,0,2,0,71:05:00,4,4,0,0:00:00,71:05:00,,4,,,,,,
,244,7,33.7,180,7,2.84,Enphase,1,1,0,1,0,1,A1,71.7,40,45,1,0,Asphalt Shingles,Flashfoot 2,0,1,0,29:00:00,1,4,0,0:00:00,29:00:00,,4,,,,,,
,245,27,19,180,18,7.29,Enphase,1,1,0,0,0,1,A1,71.7,40,45,3,0,Asphalt Shingles,Flashfoot 2,0,2,0,59:30:00,2,4,0,0:00:00,59:30:00,,4,,,,,,
,246,30,18,206/116,19,7.70,Enphase,1,1,0,1,0,0,A4,71.7,40,45,2,0,Asphalt Shingles,Flashfoot 2,0,1,0,34:30:00,1,4,0,0:00:00,34:30:00,,4,,,,,,
,247,25,18/27,225/135/45,16,7.04,GoodWe,1,1,0,0,0,0,A1,89.69,44.65,57.32,3,0,Asphalt Shingles,Flashview,2,2,1,40:40:00,2,4,0,0:00:00,40:40:00,,4,Adjusted direct time due to time tracking errors,,,,,
,248,25,18/27,225/135,16,7.04,GoodWe,1,1,0,0,0,0,A1,89.69,44.65,57.32,2,0,Asphalt Shingles,Flashview,2,2,1,40:40:00,3,4,0,0:00:00,40:40:00,,4,Adjusted direct time due to time tracking errors,,,,,
,249,25,18/27,225/135/45,16,7.04,GoodWe,1,1,0,0,0,0,A1,89.69,44.65,57.32,3,0,Asphalt Shingles,Flashview,2,2,1,40:40:00,2,4,0,0:00:00,40:40:00,,4,Adjusted direct time due to time tracking errors,,,,,
,250,25,18/27,225/135,16,7.04,GoodWe,1,1,0,0,0,0,A1,89.69,44.65,57.32,2,0,Asphalt Shingles,Flashview,2,2,1,40:40:00,2,4,0,0:00:00,40:40:00,,4,Adjusted direct time due to time tracking errors,,,,,
,251,50,22.6,230,36,15.12,SolarEdge,1,1,0,0,0,0,C3,68.1,44,47.4,1,0,Asphalt Shingles,Flashfoot 2,0,3,0,86:45:00,5,4,0,0:00:00,86:45:00,,4,,,,,,
,252,23,38,135/225,13,5.27,Enphase,1,1,1,1,1,1,A1,71.7,40,45,3,10,Asphalt Shingles,Hugs,0,1,1,61:15:00,2,4,0,0:00:00,61:15:00,,4,,,,,,
,253,9,33,185/95,26,10.53,Enphase,1,1,1,0,0,1,A4,71.7,40,45,3,0,Asphalt Shingles,RT Mini,2,1,0,58:15:00,3,4,0,0:00:00,58:15:00,,4,,,,,,
,254,36,27,200/110,33,13.37,Enphase,1,1,1,0,0,0,A1,71.7,40,45,3,0,Asphalt Shingles,Flashfoot 2,2,2,1,79:15:00,2,5,0,0:00:00,79:15:00,,5,,,,,,
,255,27,18.4,180,20,8.10,Enphase,1,1,1,0,0,1,A1,71.7,40,45,1,0,Asphalt Shingles,Hugs,0,1,0,33:30:00,1,4,0,0:00:00,33:30:00,,4,,,,,,
,256,21,35,180,26,10.53,Enphase,1,1,1,0,0,0,C1,71.7,40,45,1,0,Asphalt Shingles,Flashfoot 2,0,2,1,70:30:00,3,3,0,0:00:00,70:30:00,,3,High winds slowed us down,,,,,
,257,25,24/14,90/180/270,25,10.00,Enphase,1,1,0,0,0,1,A4,74.8,40.9,48,4,0,Asphalt Shingles,Unk0wn,2,2,1,62:15:00,2,4,0,0:00:00,62:15:00,,4,,,,,,
,258,46,18,220/130,20,8.00,Enphase,1,1,1,0,0,0,A1,74.8,40.9,48,2,0,Asphalt Shingles,Flashfoot 2,0,2,0,78:15:00,3,4,1,19:33:45,97:48:45,,5,,,,,,
,259,18,45,90,18,7.20,Enphase,1,1,0,1,0,1,A1,74.8,40.9,48,1,0,Asphalt Shingles,Flashview,0,1,1,39:00:00,2,3,0,0:00:00,39:00:00,,3,,,,,,
,260,46,10,185,47,18.80,Enphase,1,0,0,0,0,0,C3,74.8,40.9,48,1,0,Standing Seam Metal Roof,S-5!,0,1,1,53:30:00,2,3,0,0:00:00,53:30:00,,3,,,,,,
,261,27,27,180/90,13,5.20,Enphase,1,1,1,0,0,1,A4,74.8,40.9,48,2,0,Asphalt Shingles,Flashfoot 2,0,1,1,24:00:00,1,3,0,0:00:00,24:00:00,,3,,,,,,
,262,26,26,90/180,12,4.86,Enphase,1,1,0,0,0,1,A1,71.7,40,45,2,0,Asphalt Shingles,Flashview,0,1,1,38:00:00,2,4,0,0:00:00,38:00:00,,4,,,,,,
,263,26,26,225,12,4.86,Enphase,1,1,0,0,0,1,A1,71.7,40,45,2,0,Asphalt Shingles,Flashfoot 2,0,1,1,25:15:00,1,4,0,0:00:00,25:15:00,,4,,,,,,
,264,26,26,90/180,12,4.86,Enphase,1,1,0,0,0,1,A1,71.7,40,45,3,0,Asphalt Shingles,Flashview,0,1,0,41:00:00,2,3,0,0:00:00,41:00:00,,3,,,,,,
,265,30,34,110/200,31,12.56,Enphase,1,1,1,0,0,1,A1,71.7,40,45,3,0,Asphalt Shingles,Flashfoot 2,0,2,1,101:15:00,6,4,0,0:00:00,101:15:00,,4,Rough electrical ahead of time. Also installed an EV charger,,,,,
,266,24,27,220,14,5.60,Enphase,1,1,1,0,0,0,C2,74.8,40.9,48,1,0,Asphalt Shingles,Flashview,0,1,1,37:15:00,2,4,0,0:00:00,37:15:00,,4,,,,,,
,267,31,20,100/190,34,13.77,Enphase,1,1,1,0,0,0,A1,71.7,40,45,4,0,Asphalt Shingles,Flashfoot 2,0,2,1,86:30:00,4,5,0,0:00:00,86:30:00,,5,,,,,,
,268,28,18,170,24,9.60,Enphase,1,1,0,0,0,0,A1,74.8,40.9,48,1,0,Asphalt Shingles,Flashfoot 2,0,1,1,26:30:00,1,3,0,0:00:00,26:30:00,,3,,,,,,
,269,20,33,145/232,20,8.00,Enphase,1,1,1,0,0,0,A3,74.8,40.9,48,3,0,Asphalt Shingles,Flashfoot 2,0,2,1,67:30:00,2,5,0,0:00:00,67:30:00,,5,,,,,,
,270,30,18,180,19,7.60,Enphase,1,0,0,0,0,0,A1,74.8,40.9,48,1,0,Standing Seam Metal Roof,S-5!,0,1,1,52:45:00,2,4,0,0:00:00,52:45:00,,4,,,,,,
,271,48,30,180,22,10.67,SolarEdge,Ground Mount,0,0,2,0,0,A4,87.2,41.1,64.2,1,0,Ground Mount,Ground Mount,0,0,1,75:45:00,2,4,0,0:00:00,75:45:00,,4,,,,,,
,272,29,27,180,26,10.40,Enphase,1,1,0,0,0,0,A3,74.8,40.9,48,2,0,Asphalt Shingles,Flashfoot 2,0,1,1,38:00:00,1,4,0,0:00:00,38:00:00,,4,,,,,,
,273,56,30,180,22,10.67,SolarEdge,Ground Mount,0,0,2,0,0,A*,87.2,41.1,64.2,1,0,Ground Mount,Ground Mount,0,0,1,55:30:00,3,4,0,0:00:00,55:30:00,,4,Trenching,,,,,
,274,23,34,210,40,16.00,Enphase,1,1,1,0,0,0,A1,74.8,40.9,48,1,0,Asphalt Shingles,Flashview,0,1,1,53:30:00,2,3,0,0:00:00,53:30:00,,3,"Some electrical re-work after the fact, but I don't think it's included in the time tracking",,,,,
,275,47,22.6,90,40,16.00,Enphase,1,0,0,3,1,0,B2,74.8,40.9,48,1,56,Ag Metal,Ejot,1,1,3,83:45:00,3,5,0,0:00:00,83:45:00,,5,A super weird one,,,,,
,276,11,45,195,12,4.80,Enphase,1,0,0,1,0,1,A1,74.8,40.9,48,1,0,Standing Seam Metal Roof,S-5!,0,1,1,40:15:00,2,4,0,0:00:00,40:15:00,,4,,,,,,
,277,11,47,195,21,8.51,Enphase,1,1,1,1,0,1,A1,71.7,40,45,2,0,Asphalt Shingles,Flashfoot 2,0,2,1,49:00:00,3,4,0,0:00:00,49:00:00,,4,,,,,,
,278,26,18.4,236,28,11.20,Enphase,1,1,0,0,0,0,A1,74.8,40.9,48,2,0,Asphalt Shingles,Flashview,0,2,1,16:30:00,1,2,0,0:00:00,16:30:00,,2,,,,,,
,279,28,27,180,30,12.00,Enphase,1,1,0,0,0,0,A4,74.8,40.9,48,1,0,Asphalt Shingles,Flashfoot 2,0,2,2,75:15:00,2,5,0,0:00:00,75:15:00,,5,,,,,,
,280,26,27,210,12,4.80,Enphase,1,1,0,0,0,1,A1,71.7,40,45,2,0,Asphalt Shingles,Flashview,0,1,2,30:00:00,1,5,0,0:00:00,30:00:00,,5,,,,,,
,281,26,27,120/210,12,4.80,Enphase,1,1,0,0,0,1,A1,71.7,40,45,2,0,Asphalt Shingles,Flashview,0,1,2,30:00:00,1,5,0,0:00:00,30:00:00,,5,,,,,,
,282,26,27,129,12,4.80,Enphase,1,1,0,0,0,1,A1,71.7,40,45,2,0,Asphalt Shingles,Flashview,0,1,2,25:00:00,1,5,0,0:00:00,25:00:00,,5,,,,,,
,283,26,27,135,12,4.80,Enphase,1,1,0,0,0,1,A1,71.7,40,45,1,0,Asphalt Shingles,Flashview,0,1,2,30:30:00,2,5,0,0:00:00,30:30:00,,5,,,,,,
,284,27,27,146,12,4.80,Enphase,1,1,0,0,0,1,A2,71.7,40,45,2,0,Asphalt Shingles,Flashview,0,1,2,34:00:00,1,5,0,0:00:00,34:00:00,,5,,,,,,
,285,24,16.5,150,12,5.04,Enphase,1,1,1,1,1,1,A1,73.4,40.9,47.8,1,10,Asphalt Shingles,Unk0wn,0,1,2,38:30:00,1,5,0,0:00:00,38:30:00,,5,,,,,,
,286,29,25,180,12,4.80,Enphase,1,1,0,0,0,1,A1,74.8,40.9,48,1,0,Asphalt Shingles,Flashfoot 2,0,1,2,48:15:00,2,5,0,0:00:00,48:15:00,,5,,,,,,
,287,23,27,267,24,9.60,Enphase,1,1,0,0,0,0,A1,74.8,40.9,48,1,0,Asphalt Shingles,Flashfoot 2,0,2,2,36:30:00,1,5,0,0:00:00,36:30:00,,5,,,,,,
,288,8,33.7,260,16,6.72,Enphase,1,1,0,1,0,1,A1,73.4,40.9,47.8,3,0,Asphalt Shingles,Flashfoot 2,0,2,2,44:45:00,2,5,0,0:00:00,44:45:00,,5,,,,,,
,289,9,27,182,17,7.82,Enphase,1,1,1,0,0,1,A1,68,47.4,50,3,0,Asphalt Shingles,Flashfoot 2,2,2,2,47:30:00,1,5,0,0:00:00,47:30:00,,5,,,,,,
,290,46,33/37,247/157/67,26,10.92,Enphase,1,1,0,1,1,0,A1,73.4,40.9,47.8,3,17,Asphalt Shingles,Hugs,0,2,2,90:30:00,2,5,0,0:00:00,90:30:00,,5,,,,,,
,291,13,18.4/9.4,178.5,36,14.40,Enphase,1,1,0,0,0,0,A1,74.8,40.9,48,2,0,Asphalt Shingles,Flashfoot 2,0,2,2,73:45:00,2,5,0,0:00:00,73:45:00,,5,New Construction,,,,,
,292,8,45,180,14,5.60,Enphase,1,1,1,0,0,1,A1,74.8,40.9,48,1,0,Asphalt Shingles,Flashfoot 2,0,1,2,35:00:00,1,4,0,0:00:00,35:00:00,,4,,,,,,
,293,4,27,226,12,4.80,Enphase,1,1,0,0,0,1,A1,74.8,40.9,48,1,0,Asphalt Shingles,Flashfoot 2,0,2,2,40:00:00,1,5,0,0:00:00,40:00:00,,5,,,,,,
,294,38,26,168,13,5.20,Enphase,1,1,0,0,0,0,A4,74.8,40.9,48,1,0,Asphalt Shingles,Flashfoot 2,0,1,2,36:30:00,1,5,0,0:00:00,36:30:00,,5,,,,,,
,295,27,33.7,175,16,7.36,Enphase,1,1,1,0,0,1,A1,68,47.4,50,1,0,Asphalt Shingles,Flashfoot 2,2,2,2,44:30:00,1,5,0,0:00:00,44:30:00,,5,,,,,,
,296,28,18,260,18,7.20,Enphase,1,1,1,1,0,1,A1,74.8,40.9,48,1,0,Asphalt Shingles,Flashfoot 2,0,1,2,33:15:00,1,4,0,0:00:00,33:15:00,,4,,,,,,
,297,41,18.4,84,33,13.53,Enphase,1,0,0,3,0,0,C*,69.37,44.65,47,1,0,Ag Metal,Ejot,1,1,2,78:15:00,2,5,0,0:00:00,78:15:00,,5,,,,,,
,298,23,18.4,189.4,9,3.60,Enphase,1,1,0,0,0,1,A1,74.8,40.9,48,1,0,Asphalt Shingles,Flashfoot 2,1,2,2,40:15:00,1,5,0,0:00:00,40:15:00,,5,,,,,,
,299,29,30,148,26,10.92,Enphase,1,1,1,0,0,0,A1,73.4,40.9,47.8,2,0,Asphalt Shingles,Flashfoot 2,0,2,2,54:15:00,1,5,0,0:00:00,54:15:00,,5,,,,,,
,300,20,33/40,134/223,32,12.80,Enphase,1,1,1,0,0,0,C3,74.8,40.9,48,2,0,Asphalt Shingles,Flashfoot 2,0,1,2,69:30:00,2,5,0,0:00:00,69:30:00,,5,,,,,,
,301,19,34,180,18,8.28,Enphase,1,1,0,0,0,0,A1,68,47.4,50,1,0,Asphalt Shingles,Flashfoot 2,0,2,2,46:00:00,1,5,0,0:00:00,46:00:00,,5,,,,,,
,302,25,33,90/180/270,18,7.20,Enphase,1,1,1,0,0,1,A1,74.8,40.9,48,3,0,Asphalt Shingles,Flashfoot 2,2,2,2,67:00:00,3,5,0,0:00:00,67:00:00,,5,,,,,,
,303,22,37.5,138,8,3.20,Enphase,1,1,1,1,1,1,A1,74.8,40.9,48,1,12,Asphalt Shingles,Hugs,1,1,2,40:15:00,1,5,0,0:00:00,40:15:00,,5,,,,,,
,304,25,27,90/180,21,9.66,Enphase,1,1,0,0,0,1,A1,68,47.4,50,2,0,Asphalt Shingles,Flashfoot 2,0,1,2,49:30:00,2,5,0,0:00:00,49:30:00,,5,,,,,,
,305,28,35,90,20,8.00,Enphase,1,0,0,0,0,1,A1,74.8,40.9,48,1,0,Asphalt Shingles,Flashfoot 2,2,2,3,29:15:00,1,3,0,0:00:00,29:15:00,,3,,,,,,
,306,13,37/23,90/180,33,13.53,Enphase,1,1,0,0,0,1,A3,69.37,44.65,47,2,0,Asphalt Shingles,Flashfoot 2,0,1,3,89:30:00,2,5,0,0:00:00,89:30:00,,5,,,,,,
,307,30,18,302/213,26,10.40,Enphase,1,1,1,0,0,0,A1,74.8,40.9,48,3,0,Asphalt Shingles,Flashfoot 2,0,2,2,38:30:00,1,4,0,0:00:00,38:30:00,,4,,,,,,
,308,12,37,180,14,5.60,Enphase,1,1,0,0,0,1,A1,74.8,40.9,48,1,0,Asphalt Shingles,Flashfoot 2,2,2,3,43:30:00,1,5,0,0:00:00,43:30:00,,5,,,,,,
,309,18,11,181,18,7.20,Enphase,1,1,0,0,0,1,A1,74.8,40.9,48,2,0,Asphalt Shingles,Flashfoot 2,0,2,2,42:15:00,1,5,0,0:00:00,42:15:00,,5,,,,,,
,310,8,22/36,138/228,10,4.00,Enphase,1,1,1,0,0,1,A1,74.8,40.9,48,3,0,Asphalt Shingles,Hugs,0,1,2,30:00:00,1,4,0,0:00:00,30:00:00,,4,,,,,,
,311,31,18.4,189/99,26,10.14,Enphase,1,1,1,0,0,0,A1,69.06,43.15,46.3,2,0,Asphalt Shingles,Flashfoot 2,0,1,3,27:30:00,1,3,0,0:00:00,27:30:00,,3,,,,,,
,312,9,19.3,180/90,17,6.80,Enphase,1,0,1,1,1,1,C2,74.8,40.9,48,2,16,Standing Seam Metal Roof,S-5!,0,1,3,46:30:00,1,5,0,0:00:00,46:30:00,,5,,,,,,
,313,47,22,260,16,6.40,Enphase,1,1,1,4,0,0,A3,74.8,40.9,48,1,0,Asphalt Shingles,Hugs,0,1,3,39:30:00,1,5,0,0:00:00,39:30:00,,5,,,,,,
,314,19,26,208/116,22,8.80,Enphase,1,1,1,0,0,0,A3,74.8,40.9,48,2,0,Asphalt Shingles,Hugs,0,1,3,44:45:00,2,5,0,0:00:00,44:45:00,,5,,,,,,
,315,21,33.7,160,26,10.66,Enphase,1,1,1,0,0,0,B*,69.37,44.65,47,1,0,Asphalt Shingles,Flashfoot 2,0,2,3,59:30:00,2,4,0,0:00:00,59:30:00,,4,,,,,,
,316,8,18,180,14,5.60,Enphase,1,1,1,1,1,1,A*,74.8,40.9,48,1,8,Asphalt Shingles,Flashfoot 2,0,1,3,56:15:00,2,6,0,0:00:00,56:15:00,,6,,,,,,
,317,26,27,221,12,4.80,Enphase,1,1,0,0,0,1,A1,74.8,40.9,48,2,0,Asphalt Shingles,Flashfoot 2,0,1,2,26:00:00,1,5,0,0:00:00,26:00:00,,5,,,,,,
,318,26,27,271,12,4.80,Enphase,1,1,0,0,0,1,A1,74.8,40.9,48,1,0,Asphalt Shingles,Flashfoot 2,0,1,2,26:15:00,1,3,0,0:00:00,26:15:00,,3,Adjusted direct time due to time tracking errors,,,,,
,319,26,27,125,12,4.80,Enphase,1,1,0,0,0,1,A3,74.8,40.9,48,1,0,Asphalt Shingles,Flashfoot 2,0,1,2,26:15:00,1,5,0,0:00:00,26:15:00,,5,Adjusted direct time due to time tracking errors,,,,,
,320,27,27,146,12,4.80,Enphase,1,1,0,0,0,1,A1,74.8,40.9,48,1,0,Asphalt Shingles,Flashfoot 2,0,1,2,26:15:00,1,2,0,0:00:00,26:15:00,,2,Adjusted direct time due to time tracking errors,,,,,
,321,25,26,180,20,8.40,Enphase,1,1,1,0,0,0,A1,73.4,40.9,47.8,4,0,Asphalt Shingles,Flashfoot 2,2,2,3,38:30:00,2,5,0,0:00:00,38:30:00,,5,Adjusted direct time due to time tracking errors,,,,,
,322,24,18/27,179/269,28,12.88,Enphase,1,1,1,1,0,1,A1,68,47.4,50,3,0,Asphalt Shingles,Flashfoot 2,1,1,0,55:00:00,2,5,0,0:00:00,55:00:00,,5,,,,,,
,323,22,18,90/180,26,10.66,Enphase,1,1,1,1,1,1,A1,69.37,44.65,47,2,2,Asphalt Shingles,Flashfoot 2,0,1,2,52:00:00,1,5,0,0:00:00,52:00:00,,5,,,,,,
,324,27,27,220/140&220,42,16.17,Enphase,1,1,0,0,0,0,B2,79.06,39.45,49.6,4,0,Asphalt Shingles,Flashview,0,1,3,83:30:00,2,5,0,0:00:00,83:30:00,,5,,,,,,
,325,24,14,280/100,31,11.94,Enphase,1,1,0,0,0,0,B1,79.06,39.45,49.6,3,0,Asphalt Shingles,Flashfoot 2,0,2,3,76:45:00,3,5,0,0:00:00,76:45:00,,5,,,,,,
,326,15,33,290/200,36,16.56,Enphase,1,1,1,0,0,0,C1,68,47.4,50,7,0,Asphalt Shingles,Flashfoot 2,2,2,3,94:00:00,3,4,1,23:30:00,117:30:00,,5,,,,,,
,327,41,26,90,22,8.80,Enphase,1,1,1,0,0,0,A1,74.8,40.9,48,3,0,Asphalt Shingles,Flashfoot 2,0,2,3,42:30:00,1,5,0,0:00:00,42:30:00,,5,,,,,,
,328,7,22,91/181,9,4.14,Enphase,1,1,0,1,1,1,A1,68,47.4,50,1,9,Asphalt Shingles,Flashfoot 2,2,1,3,39:15:00,1,5,0,0:00:00,39:15:00,,5,,,,,,
,329,20,40,179,8,3.36,Enphase,1,1,1,1,1,1,A4,73.4,40.9,47.8,1,21,Asphalt Shingles,Hugs,0,1,3,48:00:00,1,5,0,0:00:00,48:00:00,,5,,,,,,
,330,25,25,89/269,21,8.40,Enphase,1,1,1,0,0,1,A1,74.8,40.9,48,2,0,Asphalt Shingles,Flashfoot 2,0,2,3,40:45:00,1,5,0,0:00:00,40:45:00,,5,,,,,,
,331,24,19/17,180,36,16.56,Enphase,1,1,1,0,0,1,C1,68,47.4,50,3,0,Asphalt Shingles,Flashfoot 2,1,2,3,94:15:00,4,5,0,0:00:00,94:15:00,,5,,,,,,
,332,20,18.4,180,10,4.25,Enphase,1,1,0,1,1,1,A4,67.8,44.6,46.7,1,4,Asphalt Shingles,Hugs,0,1,3,32:45:00,1,4,0,0:00:00,32:45:00,,4,,,,,,
,333,14,27,94/184,23,9.20,Enphase,1,1,1,0,0,0,A1,74.8,40.9,48,2,0,Asphalt Shingles,Flashfoot 2,0,1,3,40:45:00,1,5,0,0:00:00,40:45:00,,5,,,,,,
,334,23,20,180,16,7.36,Enphase,1,1,1,1,0,1,A1,68,47.4,50,1,0,Asphalt Shingles,Flashfoot 2,1,1,3,43:15:00,2,5,0,0:00:00,43:15:00,,5,,,,,,
,335,22,34,227,18,7.20,Enphase,1,1,1,1,1,1,C1,74.8,40.9,48,1,15,Asphalt Shingles,Hugs,0,2,3,38:30:00,1,4,0,0:00:00,38:30:00,,4,,,,,,
,336,31,27,102/282,23,9.20,Enphase,1,1,1,0,0,0,A1,74.8,40.9,48,2,0,Asphalt Shingles,Flashfoot 2,0,2,3,37:15:00,2,4,0,0:00:00,37:15:00,,4,,,,,,
,337,22,18,258/78,18,7.20,Enphase,1,1,1,1,1,1,A1,74.8,40.9,48,2,6,Asphalt Shingles,Flashfoot 2,0,1,3,38:00:00,1,5,0,0:00:00,38:00:00,,5,,,,,,
,338,40,39,179,14,5.74,Enphase,1,1,0,1,0,0,A1,69.37,44.65,47,1,0,Asphalt Shingles,Flashfoot 2,2,1,3,40:45:00,1,5,0,0:00:00,40:45:00,,5,,,,,,
,339,47,18.4,182,21,8.40,Enphase,1,0,0,3,0,0,A2,74.8,40.9,48,1,0,Ag Metal,Ejot,1,1,3,45:00:00,2,5,0,0:00:00,45:00:00,,5,,,,,,
,340,19,18.4,181,26,10.40,Enphase,1,1,1,0,0,0,A1,74.8,40.9,48,2,0,Asphalt Shingles,Flashfoot 2,2,2,3,27:15:00,1,4,0,0:00:00,27:15:00,,4,,,,,,
,341,31,33,165,25,10.00,Enphase,1,1,1,0,0,0,A1,74.8,40.9,48,1,0,Asphalt Shingles,Flashfoot 2,2,1,3,45:45:00,1,5,0,0:00:00,45:45:00,,5,,,,,,
,342,28,18.4,180,18,7.20,Enphase,1,1,1,0,0,0,A*,74.8,40.9,48,1,0,Asphalt Shingles,Flashfoot 2,0,0,0,36:00:00,1,5,0,0:00:00,36:00:00,,5,,,,,,
,343,25,26,179,8,3.20,Enphase,1,0,1,0,0,1,A1,74.8,40.9,48,1,0,Standing Seam Metal Roof,S-5!,0,2,0,38:30:00,1,5,0,0:00:00,38:30:00,,5,,,,,,
,344,26,25,144/234,12,4.80,Enphase,1,1,0,0,0,1,A1,74.8,40.9,48,2,0,Asphalt Shingles,Flashfoot 2,0,1,3,27:50:00,1,5,0,0:00:00,27:50:00,,5,Adjusted direct time due to time tracking errors,,,,,
,345,26,25,229/139,12,4.80,Enphase,1,1,0,0,0,1,A1,74.8,40.9,48,2,0,Asphalt Shingles,Flashfoot 2,0,1,3,27:50:00,1,5,0,0:00:00,27:50:00,,5,Adjusted direct time due to time tracking errors,,,,,
,346,26,25,149/239,12,4.80,Enphase,1,1,0,0,0,1,A1,74.8,40.9,48,2,0,Asphalt Shingles,Flashfoot 2,0,1,3,27:50:00,1,5,0,0:00:00,27:50:00,,5,Adjusted direct time due to time tracking errors,,,,,
,347,26,25,133,12,4.80,Enphase,1,1,0,0,0,1,A1,74.8,40.9,48,1,0,Asphalt Shingles,Flashfoot 2,0,1,3,27:50:00,1,4,0,0:00:00,27:50:00,,4,Adjusted direct time due to time tracking errors,,,,,
,348,36,38,179,21,8.82,Enphase,1,1,1,1,1,0,A1,73.4,40.9,47.8,1,14,Asphalt Shingles,Hugs,2,2,3,85:00:00,2,5,0,0:00:00,85:00:00,,5,,,,,,
,350,23,22,90/180/270,50,23.00,Enphase,1,0,1,1,1,1,C1,68,47.4,50,6,26,Standing Seam Metal Roof,S-5!,2,1,0,185:30:00,6,5,0,0:00:00,185:30:00,,5,Really terrible weather for this project,,,,,
,351,42,15,180,16,7.36,Enphase,1,1,1,0,0,0,B2,68,47.4,50,1,0,Asphalt Shingles,Flashfoot 2,0,1,0,57:45:00,2,5,0,0:00:00,57:45:00,,5,,,,,,
,352,26,30.3,158,14,5.60,Enphase,1,1,1,0,0,0,A1,74.8,40.9,48,2,0,Asphalt Shingles,Flashfoot 2,0,2,0,43:00:00,1,5,0,0:00:00,43:00:00,,5,,,,,,
,353,51,39,163/250/70,26,11.70,Enphase,1,1,1,0,0,0,A4,68,47.4,50,4,0,Asphalt Shingles,Flashfoot 2,0,3,0,98:00:00,2,5,0,0:00:00,98:00:00,,5,,,,,,
,354,7,,,8,3.68,Enphase,1,1,0,1,0,1,A*,68,47.4,50,2,0,Asphalt Shingles,Flashfoot 2,0,1,0,37:45:00,1,5,0,0:00:00,37:45:00,,5,,,,,,